{
  "ret": true,
  "data": {
    "sightName": "橘子洲(AAAA景区)",
    "bannerImg": "http://img1.qunarzz.com/sight/p0/1505/57/579b6c97900745db.water.jpg_600x330_a7a104d2.jpg",
    "gallaryImgs": ["http://img1.qunarzz.com/sight/p0/1505/57/579b6c97900745db.water.jpg_r_800x800_8983d574.jpg", "http://img1.qunarzz.com/sight/p0/1412/c1/74d874d376a6e45b72e72078e9f2aab2.water.jpg_r_800x800_e1551b51.jpg"],
    "cardInfo":{
      "score":4.7,
      "comment":1853,
      "address":"湖南省长沙市岳麓区橘子洲头2号",
      "desc":"超赞",
      "walkthrough":4
    },
    "recommendInfo":[{
      "title":"橘子洲湘江游船+观光车+乐游小食套餐成人票(夜游 20:00起航)(20:00起航 赠乐游小食套餐)",
      "time":"19:30前随买随用",
      "price":150,
      "type":"预订"
    },{
      "title":"【无线耳麦+辛追挂饰+9折券】省博+橘子洲+湘江游轮+岳麓山",
      "time":"23:00前可订明日",
      "price":89,
      "type":"查看"
    },{
      "title":"【16:00班次】湘江游轮成人票（含橘子洲观光车通票）",
      "time":"可订明日",
      "price":140,
      "type":"预订"
    }],
    "calendarInfo":[{
      "calendarInfo":{
        "title":"九州龙骧湘江游轮",
        "result":[{
            "subtitle":"【夜游航班-20:00班次】湘江游轮成人票（含橘子洲观光车通票）",
            "price":150,
            "isShow":false,
            "styleObj":{
              "transform":""
            },
            "recommendInfo":[{
              "title":"【20:00班次】湘江游轮成人票（含橘子洲观光车通票）",
              "price":150,
              "time":"可订明日",
              "type":"预订"
            },{
              "title":"【20:00班次】湘江游轮成人票（含橘子洲观光车通票）",
              "price":150,
              "time":"可订明日",
              "type":"预订"
            }]
          },{
            "subtitle":"【红色航班-16:00班次】湘江游轮成人票（含橘子洲观光车通票）",
            "price":130,
            "isShow":false,
            "styleObj":{
              "transform":""
            },
            "recommendInfo":[{
              "title":"【20:00班次】湘江游轮成人票（含橘子洲观光车通票）",
              "price":150,
              "time":"可订明日",
              "type":"预订"
            },{
              "title":"【19:00班次】湘江游轮成人票（含橘子洲观光车通票）",
              "price":130,
              "time":"19:30前随买随用",
              "type":"预订"
            }]
          }]
      }
    },{
      "calendarInfo":{
        "title":"钢琴博物馆",
        "result":[{
            "subtitle":"橘子洲古董钢琴博物馆家庭票（2大1小）",
            "price":140,
            "isShow":false,
            "styleObj":{
              "transform":""
            },
            "recommendInfo":[{
              "title":"橘子洲湘江游船红色航班+观光车+乐游小食套餐成人票(日游 16:00起航)(赠景区观光车票+乐游小食套餐)",
              "price":150,
              "time":"可订明日",
              "type":"预订"
            },{
              "title":"湘江游船票+观光车+火宫殿9折小吃券成人票(日游 16:00发船)(特惠热卖)【电子票】",
              "price":150,
              "time":"可订明日",
              "type":"预订"
            }]
          },{
            "subtitle":"橘子洲古董钢琴博物馆亲子票（1大1小）",
            "price":160,
            "isShow":false,
            "styleObj":{
              "transform":""
            },
            "recommendInfo":[{
              "title":"龙骧浏阳河游船+观光车票成人票(三馆一厅码头)(情怀夜游 19:00/21:00起航)",
              "price":160,
              "time":"可订明日",
              "type":"预订"
            },{
              "title":"【19:00班次】湘江游轮成人票（含橘子洲观光车通票）",
              "price":130,
              "time":"19:30前随买随用",
              "type":"预订"
            }]
          }]
      }
    },{
      "calendarInfo":{
        "title":"一日游",
        "result":[{
            "subtitle":"【夜游航班-20:00班次】湘江游轮成人票（含橘子洲观光车通票）",
            "price":150,
            "isShow":false,
            "styleObj":{
              "transform":""
            },
            "recommendInfo":[{
              "title":"【20:00班次】湘江游轮成人票（含橘子洲观光车通票）",
              "price":150,
              "time":"可订明日",
              "type":"预订"
            },{
              "title":"【20:00班次】湘江游轮成人票（含橘子洲观光车通票）",
              "price":150,
              "time":"可订明日",
              "type":"预订"
            }]
          },{
            "subtitle":"【红色航班-16:00班次】湘江游轮成人票（含橘子洲观光车通票）",
            "price":130,
            "isShow":false,
            "styleObj":{
              "transform":""
            },
            "recommendInfo":[{
              "title":"【20:00班次】湘江游轮成人票（含橘子洲观光车通票）",
              "price":150,
              "time":"可订明日",
              "type":"预订"
            },{
              "title":"【19:00班次】湘江游轮成人票（含橘子洲观光车通票）",
              "price":130,
              "time":"19:30前随买随用",
              "type":"预订"
            }]
          }]
      }
    }],
    "commentInfo":[{"desc":"应毛主席的诗词而来到这边，给了我很大的惊喜，觉得长沙人好幸福有这么一个可以休闲散步的地方。开始错误估计的体能认为不用做小火车，结果后来爸爸妈妈走不动了，外来的朋友请注意不是所有站点都能买票，如果行程紧张有老人孩子还是直接买摆渡车比较好。总体满意，爸妈也玩的开心高兴",
      "imgs":["http://mp-commentcp.qunarzz.com/mp_comment_mp_comment/1557688233565100l14000000w1pv867D4_D_640_10000.jpg_228x168_ce9fab06.jpg",
        "http://mp-commentcp.qunarzz.com/mp_comment_mp_comment/1557688233710100g14000000w28t79C9D_D_640_10000.jpg_228x168_4c696eb9.jpg",
        "http://mp-commentcp.qunarzz.com/mp_comment_mp_comment/1557688233871100n14000000w0m2yEEB2_D_640_10000.jpg_228x168_74fc7d94.jpg",
        "http://mp-commentcp.qunarzz.com/mp_comment_mp_comment/1557688234060100o14000000w0e79F6CA_D_640_10000.jpg_228x168_1961e38f.jpg",
        "http://mp-commentcp.qunarzz.com/mp_comment_mp_comment/1557688234216100i14000000w0de55E88_D_640_10000.jpg_228x168_7cfe6cf2.jpg",
        "http://mp-commentcp.qunarzz.com/mp_comment_mp_comment/1557688234516100p14000000w0ooj81AB_D_640_10000.jpg_228x168_cd03f7ba.jpg",
        "http://mp-commentcp.qunarzz.com/mp_comment_mp_comment/1557688233565100l14000000w1pv867D4_D_640_10000.jpg_228x168_ce9fab06.jpg",
        "http://mp-commentcp.qunarzz.com/mp_comment_mp_comment/1557688233565100l14000000w1pv867D4_D_640_10000.jpg_228x168_ce9fab06.jpg"
        ],"isShow":false},{"desc":"独立寒秋，湘江北去，橘子洲头。来长沙必去景点之一，只有一个路线，从左向右或者从右向左绕，不管怎么样得回到最初的起点，个人建议进去的时候走上边观看景点，回来的时候慢慢走江边欣赏湘江，如果感觉脚力不好的朋友提前买观光车票，中途可以下来游玩拍照，坐下一趟继续走，20块钱好像有5次上车机会，听别人说的，总之去了肯定不会后悔",
          "imgs":["http://mp-commentcp.qunarzz.com/mp_comment_mp_comment/1553022157992100k12000000seol6FA24_D_640_10000.jpg_228x168_6858a573.jpg",
            "http://mp-commentcp.qunarzz.com/mp_comment_mp_comment/1553022158351100a12000000sbtmfE534_D_640_10000.jpg_228x168_d57aea50.jpg",
            "http://mp-commentcp.qunarzz.com/mp_comment_mp_comment/1553022158526100e12000000sd92p2900_D_640_10000.jpg_228x168_eec9310c.jpg",
            "http://mp-commentcp.qunarzz.com/mp_comment_mp_comment/1553022158724100l12000000sao0y637F_D_640_10000.jpg_228x168_1aaa5d71.jpg",
            "http://mp-commentcp.qunarzz.com/mp_comment_mp_comment/1553022159903100g12000000sb6z709B9_D_640_10000.jpg_228x168_a1292f5d.jpg"
            ],"isShow":false}]
  }
}
