{
  "ret": true,
  "data": {
    "sightName": "海立方海洋公园",
    "bannerImg": "http://img1.qunarzz.com/sight/p0/1611/20/205db6ee32a4a29ba3.water.jpg_600x330_76bf7e62.jpg",
    "gallaryImgs": ["http://img1.qunarzz.com/sight/p0/1611/20/205db6ee32a4a29ba3.water.jpg_r_800x800_0943d2b9.jpg", 
      "http://img1.qunarzz.com/sight/p0/1703/65/656dc01092559eeda3.water.jpg_r_800x800_7fa6d6dc.jpg"],
    "cardInfo":{
      "score":4.2,
      "comment":532,
      "address":"湖南省长沙市雨花区海立方海洋公园",
      "desc":"很棒",
      "walkthrough":3
    },"recommendInfo":[{
      "title":"橘子洲湘江游船+观光车+乐游小食套餐成人票(夜游 20:00起航)(20:00起航 赠乐游小食套餐)",
      "time":"19:30前随买随用",
      "price":150,
      "type":"预订"
    },{
      "title":"【无线耳麦+辛追挂饰+9折券】省博+橘子洲+湘江游轮+岳麓山",
      "time":"23:00前可订明日",
      "price":89,
      "type":"查看"
    },{
      "title":"【16:00班次】湘江游轮成人票（含橘子洲观光车通票）",
      "time":"可订明日",
      "price":140,
      "type":"预订"
    }]
  }
}
